"firstName","lastName","temporaryDisplayName","personId","teamId","jersey","pos","heightFeet","heightInches","heightMeters","weightPounds","weightKilograms","dateOfBirthUTC","nbaDebutYear","yearsPro","collegeName","lastAffiliation","country"
LeBron,James,"James, LeBron",2544,1610612747,23,F,6,9,2.06,250.0,113.4,"1984-12-30",2003,17,St. Vincent-St. Mary HS (OH),St. Vincent-St. Mary HS (OH)/USA,USA
Carmelo,Anthony,"Anthony, Carmelo",2546,1610612757,0,F,6,7,2.01,238.0,108.0,"1984-05-29",2003,17,Syracuse,Syracuse/USA,USA
Udonis,Haslem,"Haslem, Udonis",2617,1610612748,40,F,6,8,2.03,235.0,106.6,"1980-06-09",2003,17,Florida,Florida/USA,USA
Dwight,Howard,"Howard, Dwight",2730,1610612755,39,C-F,6,10,2.08,265.0,120.2,"1985-12-08",2004,16,SW Atlanta Christian Academy (GA),SW Atlanta Christian Academy (GA)/USA,USA
Andre,Iguodala,"Iguodala, Andre",2738,1610612748,28,G-F,6,6,1.98,215.0,97.5,"1984-01-28",2004,16,Arizona,Arizona/USA,USA
Trevor,Ariza,"Ariza, Trevor",2772,1610612748,8,F,6,8,2.03,215.0,97.5,"1985-06-30",2004,16,UCLA,UCLA/USA,USA
Chris,Paul,"Paul, Chris",101108,1610612756,3,G,6,0,1.83,175.0,79.4,"1985-05-06",2005,15,Wake Forest,Wake Forest/USA,USA
Ersan,Ilyasova,"Ilyasova, Ersan",101141,1610612762,7,F,6,9,2.06,235.0,106.6,"1987-05-15",2006,12,FC Barcelona,FC Barcelona/Turkey,Turkey
Lou,Williams,"Williams, Lou",101150,1610612737,6,G,6,1,1.85,175.0,79.4,"1986-10-27",2005,15,South Gwinnett HS (GA),South Gwinnett HS (GA)/USA,USA
LaMarcus,Aldridge,"Aldridge, LaMarcus",200746,1610612751,12,C-F,6,11,2.11,250.0,113.4,"1985-07-19",2006,14,Texas,Texas/USA,USA
Rudy,Gay,"Gay, Rudy",200752,1610612759,22,F-G,6,8,2.03,250.0,113.4,"1986-08-17",2006,14,Connecticut,Connecticut/USA,USA
JJ,Redick,"Redick, JJ",200755,1610612742,4,G,6,3,1.9,200.0,90.7,"1984-06-24",2006,14,Duke,Duke/USA,USA
Rajon,Rondo,"Rondo, Rajon",200765,1610612746,7,G,6,1,1.85,180.0,81.6,"1986-02-22",2006,14,Kentucky,Kentucky/USA,USA
Kyle,Lowry,"Lowry, Kyle",200768,1610612761,7,G,6,0,1.83,196.0,88.9,"1986-03-25",2006,14,Villanova,Villanova/USA,USA
P.J.,Tucker,"Tucker, P.J.",200782,1610612749,17,F,6,5,1.96,245.0,111.1,"1985-05-05",2006,9,Texas,Texas/USA,USA
Paul,Millsap,"Millsap, Paul",200794,1610612743,4,F,6,7,2.01,257.0,116.6,"1985-02-10",2006,14,Louisiana Tech,Louisiana Tech/USA,USA
Kevin,Durant,"Durant, Kevin",201142,1610612751,7,F,6,10,2.08,240.0,108.9,"1988-09-29",2007,12,Texas,Texas/USA,USA
Al,Horford,"Horford, Al",201143,1610612760,42,C-F,6,9,2.06,240.0,108.9,"1986-06-03",2007,13,Florida,Florida/Dominican Republic,Dominican Republic
Mike,Conley,"Conley, Mike",201144,1610612762,10,G,6,1,1.85,175.0,79.4,"1987-10-11",2007,13,Ohio State,Ohio State/USA,USA
Jeff,Green,"Green, Jeff",201145,1610612751,8,F,6,8,2.03,235.0,106.6,"1986-08-28",2007,12,Georgetown,Georgetown /USA,USA
Thaddeus,Young,"Young, Thaddeus",201152,1610612741,21,F,6,8,2.03,235.0,106.6,"1988-06-21",2007,13,Georgia Tech,Georgia Tech/USA,USA
Jared,Dudley,"Dudley, Jared",201162,1610612747,10,F,6,6,1.98,237.0,107.5,"1985-07-10",2007,13,Boston College,Boston College/USA,USA
Marc,Gasol,"Gasol, Marc",201188,1610612747,14,C,6,11,2.11,255.0,115.7,"1985-01-29",2008,12,FC Barcelona,FC Barcelona/Spain,Spain
Derrick,Rose,"Rose, Derrick",201565,1610612752,4,G,6,2,1.88,200.0,90.7,"1988-10-04",2008,11,Memphis,Memphis/USA,USA
Russell,Westbrook,"Westbrook, Russell",201566,1610612764,4,G,6,3,1.9,200.0,90.7,"1988-11-12",2008,12,UCLA,UCLA/USA,USA
Kevin,Love,"Love, Kevin",201567,1610612739,0,F-C,6,8,2.03,251.0,113.9,"1988-09-07",2008,12,UCLA,UCLA/USA,USA
Danilo,Gallinari,"Gallinari, Danilo",201568,1610612737,8,F,6,10,2.08,233.0,105.7,"1988-08-08",2008,11,Olimpia Milano,Olimpia Milano/Italy,Italy
Eric,Gordon,"Gordon, Eric",201569,1610612745,10,G,6,3,1.9,215.0,97.5,"1988-12-25",2008,12,Indiana,Indiana/USA,USA
D.J.,Augustin,"Augustin, D.J.",201571,1610612745,14,G,5,11,1.8,183.0,83.0,"1987-11-10",2008,12,Texas,Texas/USA,USA
Brook,Lopez,"Lopez, Brook",201572,1610612749,11,C,7,0,2.13,282.0,127.9,"1988-04-01",2008,12,Stanford,Stanford/USA,USA
Robin,Lopez,"Lopez, Robin",201577,1610612764,15,C,7,0,2.13,281.0,127.5,"1988-04-01",2008,12,Stanford,Stanford/USA,USA
JaVale,McGee,"McGee, JaVale",201580,1610612743,34,C-F,7,0,2.13,270.0,122.5,"1988-01-19",2008,12,Nevada-Reno,Nevada-Reno/USA,USA
Serge,Ibaka,"Ibaka, Serge",201586,1610612746,9,F,6,10,2.08,235.0,106.6,"1989-09-18",2009,11,Ricoh Manresa,Ricoh Manresa/Republic of the Congo,Republic of the Congo
Nicolas,Batum,"Batum, Nicolas",201587,1610612746,33,G-F,6,8,2.03,230.0,104.3,"1988-12-14",2008,12,Le Mans,Le Mans/France,France
George,Hill,"Hill, George",201588,1610612755,33,G,6,4,1.93,188.0,85.3,"1986-05-04",2008,12,Indiana-Purdue Indianapolis,Indiana-Purdue Indianapolis/USA,USA
DeAndre,Jordan,"Jordan, DeAndre",201599,1610612751,6,C,6,11,2.11,265.0,120.2,"1988-07-21",2008,12,Texas A&M,Texas A&M/USA,USA
Goran,Dragic,"Dragic, Goran",201609,1610612748,7,G,6,3,1.9,190.0,86.2,"1986-05-06",2008,12,Union Olimpija,Union Olimpija/Slovenia,Slovenia
Blake,Griffin,"Griffin, Blake",201933,1610612751,2,F,6,9,2.06,250.0,113.4,"1989-03-16",2010,10,Oklahoma,Oklahoma/USA,USA
James,Harden,"Harden, James",201935,1610612751,13,G,6,5,1.96,220.0,99.8,"1989-08-26",2009,11,Arizona State,Arizona State/USA,USA
Ricky,Rubio,"Rubio, Ricky",201937,1610612750,9,G,6,3,1.9,190.0,86.2,"1990-10-21",2011,9,FC Barcelona,FC Barcelona/Spain,Spain
Stephen,Curry,"Curry, Stephen",201939,1610612744,30,G,6,3,1.9,185.0,83.9,"1988-03-14",2009,11,Davidson,Davidson/USA,USA
DeMar,DeRozan,"DeRozan, DeMar",201942,1610612759,10,G-F,6,6,1.98,220.0,99.8,"1989-08-07",2009,11,Southern California,Southern California/USA,USA
James,Johnson,"Johnson, James",201949,1610612740,16,F,6,7,2.01,240.0,108.9,"1987-02-20",2009,11,Wake Forest,Wake Forest/USA,USA
Jrue,Holiday,"Holiday, Jrue",201950,1610612749,21,G,6,3,1.9,205.0,93.0,"1990-06-12",2009,11,UCLA,UCLA/USA,USA
Taj,Gibson,"Gibson, Taj",201959,1610612752,67,F,6,9,2.06,232.0,105.2,"1985-06-24",2009,11,Southern California,Southern California/USA,USA
Wayne,Ellington,"Ellington, Wayne",201961,1610612765,8,G,6,4,1.93,207.0,93.9,"1987-11-29",2009,11,North Carolina,North Carolina/USA,USA
Patrick,Beverley,"Beverley, Patrick",201976,1610612746,21,G,6,1,1.85,180.0,81.6,"1988-07-12",2012,8,Arkansas,Arkansas/USA,USA
Danny,Green,"Green, Danny",201980,1610612755,14,G,6,6,1.98,215.0,97.5,"1987-06-22",2009,11,North Carolina,North Carolina/USA,USA
Patty,Mills,"Mills, Patty",201988,1610612759,8,G,6,1,1.85,180.0,81.6,"1988-08-11",2009,11,St.Mary's College of California,St.Mary's College of California/Australia,Australia
Garrett,Temple,"Temple, Garrett",202066,1610612741,17,G-F,6,5,1.96,195.0,88.5,"1986-05-08",2009,10,Louisiana State,Louisiana State/USA,USA
Wesley,Matthews,"Matthews, Wesley",202083,1610612747,9,G,6,4,1.93,220.0,99.8,"1986-10-14",2009,11,Marquette,Marquette/USA,USA
John,Wall,"Wall, John",202322,1610612745,1,G,6,3,1.9,210.0,95.3,"1990-09-06",2010,9,Kentucky,Kentucky/USA,USA
Derrick,Favors,"Favors, Derrick",202324,1610612762,15,F,6,9,2.06,265.0,120.2,"1991-07-15",2010,10,Georgia Tech,Georgia Tech/USA,USA
Al-Farouq,Aminu,"Aminu, Al-Farouq",202329,1610612741,5,F,6,8,2.03,220.0,99.8,"1990-09-21",2010,10,Wake Forest,Wake Forest/USA,USA
Gordon,Hayward,"Hayward, Gordon",202330,1610612766,20,F,6,7,2.01,225.0,102.1,"1990-03-23",2010,10,Butler,Butler/USA,USA
Paul,George,"George, Paul",202331,1610612746,13,F,6,8,2.03,220.0,99.8,"1990-05-02",2010,10,Fresno State,Fresno State/USA,USA
Ed,Davis,"Davis, Ed",202334,1610612750,17,C-F,6,9,2.06,218.0,98.9,"1989-06-05",2010,10,North Carolina,North Carolina/USA,USA
Patrick,Patterson,"Patterson, Patrick",202335,1610612746,54,F,6,8,2.03,235.0,106.6,"1989-03-14",2010,10,Kentucky,Kentucky/USA,USA
Eric,Bledsoe,"Bledsoe, Eric",202339,1610612740,5,G,6,1,1.85,214.0,97.1,"1989-12-09",2010,10,Kentucky,Kentucky/USA,USA
Avery,Bradley,"Bradley, Avery",202340,1610612745,9,G,6,3,1.9,180.0,81.6,"1990-11-26",2010,10,Texas,Texas/USA,USA
Hassan,Whiteside,"Whiteside, Hassan",202355,1610612758,20,C,7,0,2.13,265.0,120.2,"1989-06-13",2010,8,Marshall,Marshall/USA,USA
Nemanja,Bjelica,"Bjelica, Nemanja",202357,1610612748,70,F,6,10,2.08,234.0,106.1,"1988-05-09",2015,5,Fenerbahce,Fenerbahce/Serbia,Serbia
Ish,Smith,"Smith, Ish",202397,1610612764,14,G,6,0,1.83,175.0,79.4,"1988-07-05",2010,10,Wake Forest,Wake Forest/USA,USA
Kyrie,Irving,"Irving, Kyrie",202681,1610612751,11,G,6,2,1.88,195.0,88.5,"1992-03-23",2011,9,Duke,Duke/Australia,Australia
Enes,Kanter,"Kanter, Enes",202683,1610612757,11,C,6,10,2.08,250.0,113.4,"1992-05-20",2011,9,Fenerbahce,Fenerbahce/Turkey,Turkey
Tristan,Thompson,"Thompson, Tristan",202684,1610612738,13,C-F,6,9,2.06,254.0,115.2,"1991-03-13",2011,9,Texas,Texas/Canada,Canada
Jonas,Valanciunas,"Valanciunas, Jonas",202685,1610612763,17,C,6,11,2.11,265.0,120.2,"1992-05-06",2012,8,Lietuvos rytas Vilnius,Lietuvos rytas Vilnius/Lithuania,Lithuania
Bismack,Biyombo,"Biyombo, Bismack",202687,1610612766,8,C,6,8,2.03,255.0,115.7,"1992-08-28",2011,9,Baloncesto Fuenlabrada,Baloncesto Fuenlabrada/DRC,DRC
Kemba,Walker,"Walker, Kemba",202689,1610612738,8,G,6,0,1.83,184.0,83.5,"1990-05-08",2011,9,Connecticut,Connecticut/USA,USA
Klay,Thompson,"Thompson, Klay",202691,1610612744,11,G,6,6,1.98,215.0,97.5,"1990-02-08",2011,8,Washington State,Washington State/USA,USA
Alec,Burks,"Burks, Alec",202692,1610612752,18,G,6,6,1.98,214.0,97.1,"1991-07-20",2011,9,Colorado,Colorado/USA,USA
Markieff,Morris,"Morris, Markieff",202693,1610612747,88,F,6,9,2.06,245.0,111.1,"1989-09-02",2011,9,Kansas,Kansas/USA,USA
Marcus,Morris Sr.,"Morris Sr., Marcus",202694,1610612746,8,F,6,8,2.03,218.0,98.9,"1989-09-02",2011,9,Kansas,Kansas/USA,USA
Kawhi,Leonard,"Leonard, Kawhi",202695,1610612746,2,F,6,7,2.01,225.0,102.1,"1991-06-29",2011,9,San Diego State,San Diego State/USA,USA
Nikola,Vucevic,"Vucevic, Nikola",202696,1610612741,9,C,6,11,2.11,260.0,117.9,"1990-10-24",2011,9,Southern California,Southern California/Montenegro,Montenegro
Tobias,Harris,"Harris, Tobias",202699,1610612755,12,F,6,8,2.03,226.0,102.5,"1992-07-15",2011,9,Tennessee,Tennessee/USA,USA
Reggie,Jackson,"Jackson, Reggie",202704,1610612746,1,G,6,2,1.88,208.0,94.3,"1990-04-16",2011,9,Boston College,Boston College/USA,USA
Cory,Joseph,"Joseph, Cory",202709,1610612765,18,G,6,3,1.9,200.0,90.7,"1991-08-20",2011,9,Texas,Texas/Canada,Canada
Jimmy,Butler,"Butler, Jimmy",202710,1610612748,22,F,6,7,2.01,230.0,104.3,"1989-09-14",2011,9,Marquette,Marquette/USA,USA
Bojan,Bogdanovic,"Bogdanovic, Bojan",202711,1610612762,44,F,6,7,2.01,226.0,102.5,"1989-04-18",2014,6,Fenerbahce,Fenerbahce/Croatia,Croatia
Davis,Bertans,"Bertans, Davis",202722,1610612764,42,F,6,10,2.08,225.0,102.1,"1992-11-12",2016,4,Baskonia,Baskonia/Latvia,Latvia
E'Twaun,Moore,"Moore, E'Twaun",202734,1610612756,55,G,6,3,1.9,191.0,86.6,"1989-02-25",2011,9,Purdue,Purdue/USA,USA
Brad,Wanamaker,"Wanamaker, Brad",202954,1610612766,9,G,6,3,1.9,210.0,95.3,"1989-07-25",2018,2,Pittsburgh,Pittsburgh/USA,USA
Anthony,Davis,"Davis, Anthony",203076,1610612747,3,F-C,6,10,2.08,253.0,114.8,"1993-03-11",2012,8,Kentucky,Kentucky/USA,USA
Bradley,Beal,"Beal, Bradley",203078,1610612764,3,G,6,3,1.9,207.0,93.9,"1993-06-28",2012,8,Florida,Florida/USA,USA
Damian,Lillard,"Lillard, Damian",203081,1610612757,0,G,6,2,1.88,195.0,88.5,"1990-07-15",2012,8,Weber State,Weber State/USA,USA
Terrence,Ross,"Ross, Terrence",203082,1610612753,31,G-F,6,6,1.98,206.0,93.4,"1991-02-05",2012,8,Washington,Washington/USA,USA
Andre,Drummond,"Drummond, Andre",203083,1610612747,3,C,6,10,2.08,279.0,126.6,"1993-08-10",2012,8,Connecticut,Connecticut/USA,USA
Harrison,Barnes,"Barnes, Harrison",203084,1610612758,40,F,6,8,2.03,225.0,102.1,"1992-05-30",2012,8,North Carolina,North Carolina/USA,USA
Jeremy,Lamb,"Lamb, Jeremy",203087,1610612754,26,G-F,6,5,1.96,180.0,81.6,"1992-05-30",2012,8,Connecticut,Connecticut/USA,USA
Maurice,Harkless,"Harkless, Maurice",203090,1610612758,8,F-G,6,7,2.01,220.0,99.8,"1993-05-11",2012,8,St. John's,St. John's /USA,USA
Evan,Fournier,"Fournier, Evan",203095,1610612738,94,G-F,6,7,2.01,205.0,93.0,"1992-10-29",2012,8,Poitiers Basket 86,Poitiers Basket 86/France,France
Tomas,Satoransky,"Satoransky, Tomas",203107,1610612741,31,G,6,7,2.01,210.0,95.3,"1991-10-30",2016,4,FC Barcelona,FC Barcelona/Czech Republic,Czech Republic
Jae,Crowder,"Crowder, Jae",203109,1610612756,99,F,6,6,1.98,235.0,106.6,"1990-07-06",2012,8,Marquette,Marquette/USA,USA
Draymond,Green,"Green, Draymond",203110,1610612744,23,F,6,6,1.98,230.0,104.3,"1990-03-04",2012,8,Michigan State,Michigan State/USA,USA
Khris,Middleton,"Middleton, Khris",203114,1610612749,22,F,6,7,2.01,222.0,100.7,"1991-08-12",2012,8,Texas A&M,Texas A&M/USA,USA
Will,Barton,"Barton, Will",203115,1610612743,5,G,6,6,1.98,181.0,82.1,"1991-01-06",2012,8,Memphis,Memphis/USA,USA
Mike,Scott,"Scott, Mike",203118,1610612755,1,F,6,7,2.01,237.0,107.5,"1988-07-16",2012,8,Virginia,Virginia/USA,USA
Darius,Miller,"Miller, Darius",203121,1610612760,12,F,6,6,1.98,225.0,102.1,"1990-03-21",2012,5,Kentucky,Kentucky/USA,USA
Kent,Bazemore,"Bazemore, Kent",203145,1610612744,26,G-F,6,4,1.93,195.0,88.5,"1989-07-01",2012,8,Old Dominion,Old Dominion/USA,USA
Justin,Holiday,"Holiday, Justin",203200,1610612754,8,F-G,6,6,1.98,180.0,81.6,"1989-04-05",2012,7,Washington,Washington/USA,USA
JaMychal,Green,"Green, JaMychal",203210,1610612743,0,F-C,6,8,2.03,227.0,103.0,"1990-06-21",2014,6,Alabama,Alabama/USA,USA
Aron,Baynes,"Baynes, Aron",203382,1610612761,46,C-F,6,10,2.08,260.0,117.9,"1986-12-09",2012,8,Washington State,Washington State/Australia,Australia
Nerlens,Noel,"Noel, Nerlens",203457,1610612752,3,C-F,6,11,2.11,220.0,99.8,"1994-04-10",2014,6,Kentucky,Kentucky/USA,USA
Alex,Len,"Len, Alex",203458,1610612764,27,C,7,0,2.13,250.0,113.4,"1993-06-16",2013,7,Maryland,Maryland/Ukraine,Ukraine
Ben,McLemore,"McLemore, Ben",203463,1610612745,16,G,6,3,1.9,195.0,88.5,"1993-02-11",2013,7,Kansas,Kansas/USA,USA
CJ,McCollum,"McCollum, CJ",203468,1610612757,3,G,6,3,1.9,190.0,86.2,"1991-09-19",2013,7,Lehigh,Lehigh /USA,USA
Cody,Zeller,"Zeller, Cody",203469,1610612766,40,F-C,6,11,2.11,240.0,108.9,"1992-10-05",2013,7,Indiana,Indiana/USA,USA
Dennis,Schroder,"Schroder, Dennis",203471,1610612747,17,G,6,3,1.9,172.0,78.0,"1993-09-15",2013,7,Braunschweig,Braunschweig/Germany,Germany
Gorgui,Dieng,"Dieng, Gorgui",203476,1610612759,14,C,6,10,2.08,252.0,114.3,"1990-01-18",2013,7,Louisville,Louisville/Senegal,Senegal
Kelly,Olynyk,"Olynyk, Kelly",203482,1610612745,41,F-C,6,11,2.11,240.0,108.9,"1991-04-19",2013,7,Gonzaga,Gonzaga/Canada,Canada
Kentavious,Caldwell-Pope,"Caldwell-Pope, Kentavious",203484,1610612747,1,G,6,5,1.96,204.0,92.5,"1993-02-18",2013,7,Georgia,Georgia/USA,USA
Mason,Plumlee,"Plumlee, Mason",203486,1610612765,24,F-C,6,11,2.11,254.0,115.2,"1990-03-05",2013,7,Duke,Duke/USA,USA
Michael,Carter-Williams,"Carter-Williams, Michael",203487,1610612753,7,G,6,5,1.96,190.0,86.2,"1991-10-10",2013,7,Syracuse,Syracuse/USA,USA
Mike,Muscala,"Muscala, Mike",203488,1610612760,33,F-C,6,10,2.08,240.0,108.9,"1991-07-01",2013,7,Bucknell,Bucknell/USA,USA
Otto,Porter Jr.,"Porter Jr., Otto",203490,1610612753,22,F,6,8,2.03,198.0,89.8,"1993-06-03",2013,7,Georgetown,Georgetown /USA,USA
Reggie,Bullock,"Bullock, Reggie",203493,1610612752,25,G-F,6,6,1.98,205.0,93.0,"1991-03-16",2013,7,North Carolina,North Carolina/USA,USA
Robert,Covington,"Covington, Robert",203496,1610612757,23,F,6,7,2.01,209.0,94.8,"1990-12-14",2013,7,Tennessee State,Tennessee State/USA,USA
Rudy,Gobert,"Gobert, Rudy",203497,1610612762,27,C,7,1,2.16,258.0,117.0,"1992-06-26",2013,7,Cholet,Cholet/France,France
Steven,Adams,"Adams, Steven",203500,1610612740,12,C,6,11,2.11,265.0,120.2,"1993-07-20",2013,7,Pittsburgh,Pittsburgh/New Zealand,New Zealand
Tim,Hardaway Jr.,"Hardaway Jr., Tim",203501,1610612742,11,G-F,6,5,1.96,205.0,93.0,"1992-03-16",2013,7,Michigan,Michigan/USA,USA
Tony,Snell,"Snell, Tony",203503,1610612737,19,G,6,6,1.98,213.0,96.6,"1991-11-10",2013,7,New Mexico,New Mexico/USA,USA
Trey,Burke,"Burke, Trey",203504,1610612742,3,G,6,0,1.83,185.0,83.9,"1992-11-12",2013,7,Michigan,Michigan/USA,USA
Victor,Oladipo,"Oladipo, Victor",203506,1610612748,4,G,6,4,1.93,213.0,96.6,"1992-05-04",2013,7,Indiana,Indiana/USA,USA
Giannis,Antetokounmpo,"Antetokounmpo, Giannis",203507,1610612749,34,F,6,11,2.11,242.0,109.8,"1994-12-06",2013,7,Filathlitikos,Filathlitikos/Greece,Greece
James,Ennis III,"Ennis III, James",203516,1610612753,11,F,6,6,1.98,215.0,97.5,"1990-07-01",2014,6,California State-Long Beach,California State-Long Beach/USA,USA
Matthew,Dellavedova,"Dellavedova, Matthew",203521,1610612739,18,G,6,3,1.9,200.0,90.7,"1990-09-08",2013,7,St.Mary's College of California,St.Mary's College of California/Australia,Australia
Solomon,Hill,"Hill, Solomon",203524,1610612737,18,F,6,6,1.98,226.0,102.5,"1991-03-18",2013,7,Arizona,Arizona/USA,USA
Raul,Neto,"Neto, Raul",203526,1610612764,19,G,6,1,1.85,180.0,81.6,"1992-05-19",2015,5,Murcia,Murcia/Brazil,Brazil
Seth,Curry,"Curry, Seth",203552,1610612755,31,G,6,2,1.88,185.0,83.9,"1990-08-23",2013,6,Duke,Duke/USA,USA
Rodney,McGruder,"McGruder, Rodney",203585,1610612765,17,G,6,4,1.93,205.0,93.0,"1991-07-29",2016,4,Kansas State,Kansas State/USA,USA
Thanasis,Antetokounmpo,"Antetokounmpo, Thanasis",203648,1610612749,43,F,6,6,1.98,219.0,99.3,"1992-07-18",2015,2,Panathinaikos,Panathinaikos/Greece,Greece
Zach,LaVine,"LaVine, Zach",203897,1610612741,8,G-F,6,5,1.96,200.0,90.7,"1995-03-10",2014,6,UCLA,UCLA/USA,USA
Elfrid,Payton,"Payton, Elfrid",203901,1610612752,6,G,6,3,1.9,195.0,88.5,"1994-02-22",2014,6,Louisana-Lafayette,Louisana-Lafayette/USA,USA
Jordan,Clarkson,"Clarkson, Jordan",203903,1610612762,0,G,6,4,1.93,194.0,88.0,"1992-06-07",2014,6,Missouri,Missouri/USA,USA
Gary,Harris,"Harris, Gary",203914,1610612753,14,G,6,4,1.93,210.0,95.3,"1994-09-14",2014,6,Michigan State,Michigan State/USA,USA
Spencer,Dinwiddie,"Dinwiddie, Spencer",203915,1610612751,26,G,6,5,1.96,215.0,97.5,"1993-04-06",2014,6,Colorado,Colorado/USA,USA
Rodney,Hood,"Hood, Rodney",203918,1610612761,32,G-F,6,8,2.03,208.0,94.3,"1992-10-20",2014,6,Duke,Duke/USA,USA
Khem,Birch,"Birch, Khem",203920,1610612753,24,C,6,9,2.06,233.0,105.7,"1992-09-28",2017,3,UNLV,UNLV/Canada,Canada
Jerami,Grant,"Grant, Jerami",203924,1610612765,9,F,6,8,2.03,210.0,95.3,"1994-03-12",2014,6,Syracuse,Syracuse/USA,USA
Joe,Harris,"Harris, Joe",203925,1610612751,12,G-F,6,6,1.98,220.0,99.8,"1991-09-06",2014,6,Virginia,Virginia/USA,USA
Doug,McDermott,"McDermott, Doug",203926,1610612754,20,F,6,7,2.01,225.0,102.1,"1992-01-03",2014,6,Creighton,Creighton/USA,USA
Aaron,Gordon,"Gordon, Aaron",203932,1610612743,50,F,6,8,2.03,235.0,106.6,"1995-09-16",2014,6,Arizona,Arizona/USA,USA
T.J.,Warren,"Warren, T.J.",203933,1610612754,1,F,6,8,2.03,220.0,99.8,"1993-09-05",2014,6,North Carolina State,North Carolina State/USA,USA
Marcus,Smart,"Smart, Marcus",203935,1610612738,36,G,6,3,1.9,220.0,99.8,"1994-03-06",2014,6,Oklahoma State,Oklahoma State/USA,USA
Kyle,Anderson,"Anderson, Kyle",203937,1610612763,1,F-G,6,9,2.06,230.0,104.3,"1993-09-20",2014,6,UCLA,UCLA/USA,USA
Dwight,Powell,"Powell, Dwight",203939,1610612742,7,F-C,6,10,2.08,240.0,108.9,"1991-07-20",2014,6,Stanford,Stanford/Canada,Canada
Julius,Randle,"Randle, Julius",203944,1610612752,30,F-C,6,8,2.03,250.0,113.4,"1994-11-29",2014,6,Kentucky,Kentucky/USA,USA
Andrew,Wiggins,"Wiggins, Andrew",203952,1610612744,22,F,6,7,2.01,197.0,89.4,"1995-02-23",2014,6,Kansas,Kansas/Canada,Canada
Joel,Embiid,"Embiid, Joel",203954,1610612755,21,C-F,7,0,2.13,280.0,127.0,"1994-03-16",2016,4,Kansas,Kansas/Cameroon,Cameroon
Dante,Exum,"Exum, Dante",203957,1610612745,5,G,6,5,1.96,214.0,97.1,"1995-07-13",2014,5,Australian Institute of Sport,Australian Institute of Sport/Australia,Australia
JaKarr,Sampson,"Sampson, JaKarr",203960,1610612754,14,F,6,7,2.01,214.0,97.1,"1993-03-20",2014,5,St. John's,St. John's /USA,USA
Dario,Saric,"Saric, Dario",203967,1610612756,20,F-C,6,10,2.08,225.0,102.1,"1994-04-08",2016,4,Anadolu Efes,Anadolu Efes/Croatia,Croatia
Clint,Capela,"Capela, Clint",203991,1610612737,15,C,6,10,2.08,240.0,108.9,"1994-05-18",2014,6,Elan Chalon,Elan Chalon/Switzerland,Switzerland
Bogdan,Bogdanovic,"Bogdanovic, Bogdan",203992,1610612737,13,G,6,6,1.98,220.0,99.8,"1992-08-18",2017,3,Fenerbahce,Fenerbahce/Serbia,Serbia
Jusuf,Nurkic,"Nurkic, Jusuf",203994,1610612757,27,C,6,11,2.11,290.0,131.5,"1994-08-23",2014,6,Cedevita,Cedevita/Bosnia and Herzegovina,Bosnia and Herzegovina
Nikola,Jokic,"Jokic, Nikola",203999,1610612743,15,C,6,11,2.11,284.0,128.8,"1995-02-19",2015,5,Mega Basket,Mega Basket/Serbia,Serbia
Kristaps,Porzingis,"Porzingis, Kristaps",204001,1610612742,6,F-C,7,3,2.21,240.0,108.9,"1995-08-02",2015,4,Cajasol Sevilla,Cajasol Sevilla/Latvia,Latvia
Tyler,Johnson,"Johnson, Tyler",204020,1610612751,10,G,6,3,1.9,186.0,84.4,"1992-05-07",2014,6,Fresno State,Fresno State/USA,USA
Langston,Galloway,"Galloway, Langston",204038,1610612756,2,G,6,1,1.85,200.0,90.7,"1991-12-09",2014,6,St. Joseph's (PA),St. Joseph's (PA)/USA,USA
Joe,Ingles,"Ingles, Joe",204060,1610612762,2,F-G,6,8,2.03,220.0,99.8,"1987-10-02",2014,6,Maccabi Tel Aviv,Maccabi Tel Aviv/Australia,Australia
Greg,Whittington,"Whittington, Greg",204222,1610612743,3,F,6,8,2.03,210.0,95.3,"1993-02-07",2020,0,Georgetown,Georgetown /USA,USA
T.J.,McConnell,"McConnell, T.J.",204456,1610612754,9,G,6,1,1.85,190.0,86.2,"1992-03-25",2015,5,Arizona,Arizona/USA,USA
Jahlil,Okafor,"Okafor, Jahlil",1626143,1610612765,13,C-F,6,10,2.08,270.0,122.5,"1995-12-15",2015,5,Duke,Duke/USA,USA
Tyus,Jones,"Jones, Tyus",1626145,1610612763,21,G,6,0,1.83,196.0,88.9,"1996-05-10",2015,5,Duke,Duke/USA,USA
Montrezl,Harrell,"Harrell, Montrezl",1626149,1610612747,15,F-C,6,7,2.01,240.0,108.9,"1994-01-26",2015,5,Louisville,Louisville/USA,USA
Delon,Wright,"Wright, Delon",1626153,1610612758,55,G,6,5,1.96,185.0,83.9,"1992-04-26",2015,5,Utah,Utah/USA,USA
D'Angelo,Russell,"Russell, D'Angelo",1626156,1610612750,0,G,6,4,1.93,193.0,87.5,"1996-02-23",2015,5,Ohio State,Ohio State/USA,USA
Karl-Anthony,Towns,"Towns, Karl-Anthony",1626157,1610612750,32,C-F,6,11,2.11,248.0,112.5,"1995-11-15",2015,5,Kentucky,Kentucky/USA,USA
Richaun,Holmes,"Holmes, Richaun",1626158,1610612758,22,F,6,10,2.08,235.0,106.6,"1993-10-15",2015,5,Bowling Green,Bowling Green/USA,USA
Justise,Winslow,"Winslow, Justise",1626159,1610612763,7,F-G,6,6,1.98,222.0,100.7,"1996-03-26",2015,5,Duke,Duke/USA,USA
Willie,Cauley-Stein,"Cauley-Stein, Willie",1626161,1610612742,33,C,7,0,2.13,240.0,108.9,"1993-08-18",2015,5,Kentucky,Kentucky/USA,USA
Kelly,Oubre Jr.,"Oubre Jr., Kelly",1626162,1610612744,12,F-G,6,7,2.01,203.0,92.1,"1995-12-09",2015,5,Kansas,Kansas/USA,USA
Frank,Kaminsky,"Kaminsky, Frank",1626163,1610612756,8,F-C,7,0,2.13,240.0,108.9,"1993-04-04",2015,5,Wisconsin,Wisconsin/USA,USA
Devin,Booker,"Booker, Devin",1626164,1610612756,1,G,6,5,1.96,206.0,93.4,"1996-10-30",2015,5,Kentucky,Kentucky/USA,USA
Cameron,Payne,"Payne, Cameron",1626166,1610612756,15,G,6,1,1.85,183.0,83.0,"1994-08-08",2015,5,Murray State,Murray State/USA,USA
Myles,Turner,"Turner, Myles",1626167,1610612754,33,C-F,6,11,2.11,250.0,113.4,"1996-03-24",2015,5,Texas,Texas/USA,USA
Trey,Lyles,"Lyles, Trey",1626168,1610612759,41,F,6,9,2.06,234.0,106.1,"1995-11-05",2015,5,Kentucky,Kentucky/Canada,Canada
Stanley,Johnson,"Johnson, Stanley",1626169,1610612761,5,F-G,6,6,1.98,242.0,109.8,"1996-05-29",2015,5,Arizona,Arizona/USA,USA
Bobby,Portis,"Portis, Bobby",1626171,1610612749,9,F,6,10,2.08,250.0,113.4,"1995-02-10",2015,5,Arkansas,Arkansas/USA,USA
Kevon,Looney,"Looney, Kevon",1626172,1610612744,5,F,6,9,2.06,222.0,100.7,"1996-02-06",2015,5,UCLA,UCLA/USA,USA
Christian,Wood,"Wood, Christian",1626174,1610612745,35,F,6,10,2.08,214.0,97.1,"1995-09-27",2015,4,UNLV,UNLV/USA,USA
Terry,Rozier,"Rozier, Terry",1626179,1610612766,3,G,6,1,1.85,190.0,86.2,"1994-03-17",2015,5,Louisville,Louisville/USA,USA
Norman,Powell,"Powell, Norman",1626181,1610612757,24,G,6,3,1.9,215.0,97.5,"1993-05-25",2015,5,UCLA,UCLA/USA,USA
Chasson,Randle,"Randle, Chasson",1626184,1610612753,25,G,6,2,1.88,185.0,83.9,"1993-02-05",2016,3,Stanford,Stanford/USA,USA
Quinn,Cook,"Cook, Quinn",1626188,1610612739,2,G,6,1,1.85,180.0,81.6,"1993-03-23",2016,4,Duke,Duke/USA,USA
Pat,Connaughton,"Connaughton, Pat",1626192,1610612749,24,G,6,5,1.96,209.0,94.8,"1993-01-06",2015,5,Notre Dame,Notre Dame/USA,USA
Willy,Hernangomez,"Hernangomez, Willy",1626195,1610612740,9,C-F,6,11,2.11,250.0,113.4,"1994-05-27",2016,4,Cajasol Sevilla,Cajasol Sevilla/Spain,Spain
Josh,Richardson,"Richardson, Josh",1626196,1610612742,0,G,6,5,1.96,200.0,90.7,"1993-09-15",2015,5,Tennessee,Tennessee/USA,USA
Larry,Nance Jr.,"Nance Jr., Larry",1626204,1610612739,22,F-C,6,7,2.01,245.0,111.1,"1993-01-01",2015,5,Wyoming,Wyoming/USA,USA
Royce,O'Neale,"O'Neale, Royce",1626220,1610612762,23,F,6,4,1.93,226.0,102.5,"1993-06-05",2017,3,Baylor,Baylor/USA,USA
Cedi,Osman,"Osman, Cedi",1626224,1610612739,16,F,6,7,2.01,230.0,104.3,"1995-04-08",2017,3,Anadolu Efes,Anadolu Efes/Turkey,Turkey
Cristiano,Felicio,"Felicio, Cristiano",1626245,1610612741,6,F-C,6,11,2.11,270.0,122.5,"1992-07-07",2015,5,Flamengo,Flamengo/Brazil,Brazil
Boban,Marjanovic,"Marjanovic, Boban",1626246,1610612742,51,C,7,4,2.24,290.0,131.5,"1988-08-15",2015,5,Crvena zvezda,Crvena zvezda/Serbia,Serbia
Axel,Toupane,"Toupane, Axel",1626253,1610612749,66,G-F,6,7,2.01,210.0,95.3,"1992-07-23",2015,2,"",France/France,France
Ben,Simmons,"Simmons, Ben",1627732,1610612755,25,G-F,6,11,2.11,240.0,108.9,"1996-07-20",2017,3,Louisiana State,Louisiana State/Australia,Australia
Domantas,Sabonis,"Sabonis, Domantas",1627734,1610612754,11,F-C,6,11,2.11,240.0,108.9,"1996-05-03",2016,4,Gonzaga,Gonzaga/Lithuania,Lithuania
Malik,Beasley,"Beasley, Malik",1627736,1610612750,5,G,6,4,1.93,187.0,84.8,"1996-11-26",2016,4,Florida State,Florida State/USA,USA
Kris,Dunn,"Dunn, Kris",1627739,1610612737,32,G,6,3,1.9,205.0,93.0,"1994-03-18",2016,4,Providence,Providence/USA,USA
Buddy,Hield,"Hield, Buddy",1627741,1610612758,24,G,6,4,1.93,220.0,99.8,"1992-12-17",2016,4,Oklahoma,Oklahoma/Bahamas,Bahamas
Brandon,Ingram,"Ingram, Brandon",1627742,1610612740,14,F,6,8,2.03,190.0,86.2,"1997-09-02",2016,4,Duke,Duke/USA,USA
Caris,LeVert,"LeVert, Caris",1627747,1610612754,22,G,6,6,1.98,205.0,93.0,"1994-08-25",2016,4,Michigan,Michigan/USA,USA
Dejounte,Murray,"Murray, Dejounte",1627749,1610612759,5,G,6,4,1.93,180.0,81.6,"1996-09-19",2016,3,Washington,Washington/USA,USA
Jamal,Murray,"Murray, Jamal",1627750,1610612743,27,G,6,3,1.9,215.0,97.5,"1997-02-23",2016,4,Kentucky,Kentucky/Canada,Canada
Jakob,Poeltl,"Poeltl, Jakob",1627751,1610612759,25,C,7,1,2.16,245.0,111.1,"1995-10-15",2016,4,Utah,Utah/Austria,Austria
Taurean,Prince,"Prince, Taurean",1627752,1610612739,12,F,6,7,2.01,218.0,98.9,"1994-03-22",2016,4,Baylor,Baylor/USA,USA
Denzel,Valentine,"Valentine, Denzel",1627756,1610612741,45,G,6,4,1.93,220.0,99.8,"1993-11-16",2016,3,Michigan State,Michigan State/USA,USA
Jaylen,Brown,"Brown, Jaylen",1627759,1610612738,7,G-F,6,6,1.98,223.0,101.2,"1996-10-24",2016,4,California,California/USA,USA
DeAndre',Bembry,"Bembry, DeAndre'",1627761,1610612761,95,G-F,6,5,1.96,210.0,95.3,"1994-07-04",2016,4,St. Joseph's (PA),St. Joseph's (PA)/USA,USA
Malcolm,Brogdon,"Brogdon, Malcolm",1627763,1610612754,7,G,6,5,1.96,229.0,103.9,"1992-12-11",2016,4,Virginia,Virginia/USA,USA
Jake,Layman,"Layman, Jake",1627774,1610612750,10,F,6,8,2.03,209.0,94.8,"1994-03-07",2016,4,Maryland,Maryland/USA,USA
Patrick,McCaw,"McCaw, Patrick",1627775,1610612761,22,G,6,7,2.01,181.0,82.1,"1995-10-25",2016,4,UNLV,UNLV/USA,USA
Georges,Niang,"Niang, Georges",1627777,1610612762,31,F,6,7,2.01,230.0,104.3,"1993-06-17",2016,4,Iowa State,Iowa State/USA,USA
Pascal,Siakam,"Siakam, Pascal",1627783,1610612761,43,F,6,9,2.06,230.0,104.3,"1994-04-02",2016,4,New Mexico State,New Mexico State/Cameroon,Cameroon
Furkan,Korkmaz,"Korkmaz, Furkan",1627788,1610612755,30,G-F,6,7,2.01,202.0,91.6,"1997-07-24",2017,3,Anadolu Efes,Anadolu Efes/Turkey,Turkey
Timothe,Luwawu-Cabarrot,"Luwawu-Cabarrot, Timothe",1627789,1610612751,9,G-F,6,7,2.01,220.0,99.8,"1995-05-09",2016,4,Mega Basket,Mega Basket/France,France
Damion,Lee,"Lee, Damion",1627814,1610612744,1,G-F,6,5,1.96,210.0,95.3,"1992-10-21",2017,3,Louisville,Louisville/USA,USA
Juancho,Hernangomez,"Hernangomez, Juancho",1627823,1610612750,41,F,6,9,2.06,214.0,97.1,"1995-09-28",2016,4,Estudiantes,Estudiantes/Spain,Spain
Ivica,Zubac,"Zubac, Ivica",1627826,1610612746,40,C,7,0,2.13,240.0,108.9,"1997-03-18",2016,4,Mega Basket,Mega Basket/Croatia,Croatia
Dorian,Finney-Smith,"Finney-Smith, Dorian",1627827,1610612742,10,F,6,7,2.01,220.0,99.8,"1993-05-04",2016,4,Florida,Florida/USA,USA
Fred,VanVleet,"VanVleet, Fred",1627832,1610612761,23,G,6,1,1.85,197.0,89.4,"1994-02-25",2016,4,Wichita State,Wichita State/USA,USA
Abdel,Nader,"Nader, Abdel",1627846,1610612756,11,F,6,5,1.96,225.0,102.1,"1993-09-25",2017,3,Iowa State,Iowa State/Egypt,Egypt
Ryan,Arcidiacono,"Arcidiacono, Ryan",1627853,1610612741,51,G,6,3,1.9,195.0,88.5,"1994-03-26",2017,3,Villanova,Villanova/USA,USA
Bryn,Forbes,"Forbes, Bryn",1627854,1610612749,7,G,6,2,1.88,205.0,93.0,"1993-07-23",2016,4,Michigan State,Michigan State/USA,USA
Danuel,House Jr.,"House Jr., Danuel",1627863,1610612745,4,F-G,6,6,1.98,220.0,99.8,"1993-06-07",2016,4,Texas A&M,Texas A&M/USA,USA
Derrick,Jones Jr.,"Jones Jr., Derrick",1627884,1610612757,5,F,6,5,1.96,210.0,95.3,"1997-02-15",2016,4,UNLV,UNLV/USA,USA
Alex,Caruso,"Caruso, Alex",1627936,1610612747,4,G,6,4,1.93,186.0,84.4,"1994-02-28",2017,3,Texas A&M,Texas A&M/USA,USA
David,Nwaba,"Nwaba, David",1628021,1610612745,2,G-F,6,5,1.96,219.0,99.3,"1993-01-14",2016,4,Cal Poly-Obispo,Cal Poly-Obispo/USA,USA
Alfonzo,McKinnie,"McKinnie, Alfonzo",1628035,1610612747,28,F,6,7,2.01,215.0,97.5,"1992-09-17",2017,3,Wisconsin-Green Bay,Wisconsin-Green Bay/USA,USA
Markelle,Fultz,"Fultz, Markelle",1628365,1610612753,20,G,6,3,1.9,209.0,94.8,"1998-05-29",2017,3,Washington,Washington/USA,USA
Lonzo,Ball,"Ball, Lonzo",1628366,1610612740,2,G,6,6,1.98,190.0,86.2,"1997-10-27",2017,3,UCLA,UCLA/USA,USA
Josh,Jackson,"Jackson, Josh",1628367,1610612765,20,G-F,6,8,2.03,207.0,93.9,"1997-02-10",2017,3,Kansas,Kansas/USA,USA
De'Aaron,Fox,"Fox, De'Aaron",1628368,1610612758,5,G,6,3,1.9,185.0,83.9,"1997-12-20",2017,3,Kentucky,Kentucky/USA,USA
Jayson,Tatum,"Tatum, Jayson",1628369,1610612738,0,F-G,6,8,2.03,210.0,95.3,"1998-03-03",2017,3,Duke,Duke/USA,USA
Malik,Monk,"Monk, Malik",1628370,1610612766,1,G,6,3,1.9,200.0,90.7,"1998-02-04",2017,3,Kentucky,Kentucky/USA,USA
Jonathan,Isaac,"Isaac, Jonathan",1628371,1610612753,1,F,6,11,2.11,230.0,104.3,"1997-10-03",2017,3,Florida State,Florida State/USA,USA
Dennis,Smith Jr.,"Smith Jr., Dennis",1628372,1610612765,0,G,6,2,1.88,205.0,93.0,"1997-11-25",2017,3,North Carolina State,North Carolina State/USA,USA
Frank,Ntilikina,"Ntilikina, Frank",1628373,1610612752,11,G,6,4,1.93,200.0,90.7,"1998-07-28",2017,3,Strasbourg IG,Strasbourg IG/France,France
Lauri,Markkanen,"Markkanen, Lauri",1628374,1610612741,24,F-C,7,0,2.13,240.0,108.9,"1997-05-22",2017,3,Arizona,Arizona/Finland,Finland
Donovan,Mitchell,"Mitchell, Donovan",1628378,1610612762,45,G,6,1,1.85,215.0,97.5,"1996-09-07",2017,3,Louisville,Louisville/USA,USA
Luke,Kennard,"Kennard, Luke",1628379,1610612746,5,G,6,5,1.96,206.0,93.4,"1996-06-24",2017,3,Duke,Duke/USA,USA
Zach,Collins,"Collins, Zach",1628380,1610612757,33,F-C,6,11,2.11,250.0,113.4,"1997-11-19",2017,3,Gonzaga,Gonzaga/USA,USA
John,Collins,"Collins, John",1628381,1610612737,20,F-C,6,9,2.06,235.0,106.6,"1997-09-23",2017,3,Wake Forest,Wake Forest/USA,USA
Justin,Jackson,"Jackson, Justin",1628382,1610612760,44,F,6,8,2.03,220.0,99.8,"1995-03-28",2017,3,North Carolina,North Carolina/USA,USA
Justin,Patton,"Patton, Justin",1628383,1610612745,26,C,6,11,2.11,241.0,109.3,"1997-06-14",2017,3,Creighton,Creighton/USA,USA
OG,Anunoby,"Anunoby, OG",1628384,1610612761,3,F,6,7,2.01,232.0,105.2,"1997-07-17",2017,3,Indiana,Indiana/United Kingdom,United Kingdom
Harry,Giles III,"Giles III, Harry",1628385,1610612757,4,F-C,6,11,2.11,240.0,108.9,"1998-04-22",2018,2,Duke,Duke/USA,USA
Jarrett,Allen,"Allen, Jarrett",1628386,1610612739,31,C,6,11,2.11,243.0,110.2,"1998-04-21",2017,3,Texas,Texas/USA,USA
Bam,Adebayo,"Adebayo, Bam",1628389,1610612748,13,C-F,6,9,2.06,255.0,115.7,"1997-07-18",2017,3,Kentucky,Kentucky/USA,USA
D.J.,Wilson,"Wilson, D.J.",1628391,1610612745,0,F,6,10,2.08,231.0,104.8,"1996-02-19",2017,3,Michigan,Michigan/USA,USA
Isaiah,Hartenstein,"Hartenstein, Isaiah",1628392,1610612739,25,C-F,7,0,2.13,250.0,113.4,"1998-05-05",2018,2,Zalgiris,Zalgiris/Germany,Germany
Tony,Bradley,"Bradley, Tony",1628396,1610612760,13,C-F,6,10,2.08,248.0,112.5,"1998-01-08",2017,3,North Carolina,North Carolina/USA,USA
Kyle,Kuzma,"Kuzma, Kyle",1628398,1610612747,0,F,6,10,2.08,221.0,100.2,"1995-07-24",2017,3,Utah,Utah/USA,USA
Semi,Ojeleye,"Ojeleye, Semi",1628400,1610612738,37,F,6,6,1.98,240.0,108.9,"1994-12-05",2017,3,Southern Methodist,Southern Methodist/USA,USA
Derrick,White,"White, Derrick",1628401,1610612759,4,G,6,4,1.93,190.0,86.2,"1994-07-02",2017,3,Colorado,Colorado/USA,USA
Frank,Jackson,"Jackson, Frank",1628402,1610612765,5,G,6,3,1.9,205.0,93.0,"1998-05-04",2018,2,Duke,Duke/USA,USA
Josh,Hart,"Hart, Josh",1628404,1610612740,3,G,6,5,1.96,215.0,97.5,"1995-03-06",2017,3,Villanova,Villanova/USA,USA
Dwayne,Bacon,"Bacon, Dwayne",1628407,1610612753,8,G-F,6,6,1.98,221.0,100.2,"1995-08-30",2017,3,Florida State,Florida State/USA,USA
PJ,Dozier,"Dozier, PJ",1628408,1610612743,35,G-F,6,6,1.98,205.0,93.0,"1996-10-25",2017,3,South Carolina,South Carolina/USA,USA
Edmond,Sumner,"Sumner, Edmond",1628410,1610612754,5,G,6,4,1.93,196.0,88.9,"1995-12-31",2017,3,Xavier,Xavier/USA,USA
Wes,Iwundu,"Iwundu, Wes",1628411,1610612740,4,F,6,6,1.98,195.0,88.5,"1994-12-20",2017,3,Kansas State,Kansas State/USA,USA
Dillon,Brooks,"Brooks, Dillon",1628415,1610612763,24,G-F,6,7,2.01,225.0,102.1,"1996-01-22",2017,3,Oregon,Oregon/Canada,Canada
Thomas,Bryant,"Bryant, Thomas",1628418,1610612764,13,C-F,6,10,2.08,248.0,112.5,"1997-07-31",2017,3,Indiana,Indiana/USA,USA
Monte,Morris,"Morris, Monte",1628420,1610612743,11,G,6,2,1.88,183.0,83.0,"1995-06-27",2017,3,Iowa State,Iowa State/USA,USA
Damyean,Dotson,"Dotson, Damyean",1628422,1610612739,21,G,6,5,1.96,210.0,95.3,"1994-05-06",2017,3,Houston,Houston/USA,USA
Sterling,Brown,"Brown, Sterling",1628425,1610612745,0,G-F,6,5,1.96,219.0,99.3,"1995-02-10",2017,3,Southern Methodist,Southern Methodist/USA,USA
Vlatko,Cancar,"Cancar, Vlatko",1628427,1610612743,31,F,6,8,2.03,236.0,107.0,"1997-04-10",2019,1,San Pablo Burgos,San Pablo Burgos/Slovenia,Slovenia
Luke,Kornet,"Kornet, Luke",1628436,1610612738,40,F-C,7,2,2.18,250.0,113.4,"1995-07-15",2017,3,Vanderbilt,Vanderbilt/USA,USA
Chris,Boucher,"Boucher, Chris",1628449,1610612761,25,F-C,6,9,2.06,200.0,90.7,"1993-01-11",2017,3,Oregon,Oregon/Saint Lucia,Saint Lucia
Daniel,Theis,"Theis, Daniel",1628464,1610612741,27,F-C,6,8,2.03,245.0,111.1,"1992-04-04",2017,3,Brose Bamberg,Brose Bamberg/Germany,Germany
Maxi,Kleber,"Kleber, Maxi",1628467,1610612742,42,F,6,10,2.08,240.0,108.9,"1992-01-29",2017,3,Bayern Munich,Bayern Munich/Germany,Germany
Torrey,Craig,"Craig, Torrey",1628470,1610612756,12,F,6,7,2.01,221.0,100.2,"1990-12-19",2017,3,South Carolina Upstate,South Carolina Upstate/USA,USA
Mychal,Mulder,"Mulder, Mychal",1628539,1610612744,15,G,6,3,1.9,184.0,83.5,"1994-06-12",2019,1,Kentucky,Kentucky/Canada,Canada
Paul,Watson,"Watson, Paul",1628778,1610612761,1,G,6,6,1.98,210.0,95.3,"1994-12-30",2019,1,Fresno State,Fresno State/USA,USA
Grayson,Allen,"Allen, Grayson",1628960,1610612763,3,G,6,4,1.93,198.0,89.8,"1995-10-08",2018,2,Duke,Duke/USA,USA
Kostas,Antetokounmpo,"Antetokounmpo, Kostas",1628961,1610612747,37,F,6,10,2.08,200.0,90.7,"1997-11-20",2018,2,Dayton,Dayton/Greece,Greece
Udoka,Azubuike,"Azubuike, Udoka",1628962,1610612762,20,C-F,6,10,2.08,280.0,127.0,"1999-09-17",2020,0,Kansas,Kansas/Nigeria,Nigeria
Marvin,Bagley III,"Bagley III, Marvin",1628963,1610612758,35,F,6,11,2.11,235.0,106.6,"1999-03-14",2018,2,Duke,Duke/USA,USA
Mo,Bamba,"Bamba, Mo",1628964,1610612753,5,C,7,0,2.13,231.0,104.8,"1998-05-12",2018,2,Texas-Austin,Texas-Austin/USA,USA
Keita,Bates-Diop,"Bates-Diop, Keita",1628966,1610612759,31,F,6,8,2.03,229.0,103.9,"1996-01-23",2018,2,Ohio State,Ohio State/USA,USA
Brian,Bowen II,"Bowen II, Brian",1628968,1610612754,10,F-G,6,6,1.98,190.0,86.2,"1998-10-02",2019,1,Sydney Kings,Sydney Kings/USA,USA
Mikal,Bridges,"Bridges, Mikal",1628969,1610612756,25,F,6,6,1.98,209.0,94.8,"1996-08-30",2018,2,Villanova,Villanova/USA,USA
Miles,Bridges,"Bridges, Miles",1628970,1610612766,0,F,6,6,1.98,225.0,102.1,"1998-03-21",2018,2,Michigan State,Michigan State/USA,USA
Bruce,Brown,"Brown, Bruce",1628971,1610612751,1,G-F,6,4,1.93,202.0,91.6,"1996-08-15",2018,2,Miami,Miami/USA,USA
Troy,Brown Jr.,"Brown Jr., Troy",1628972,1610612741,7,G-F,6,6,1.98,215.0,97.5,"1999-07-28",2018,2,Oregon,Oregon/USA,USA
Jalen,Brunson,"Brunson, Jalen",1628973,1610612742,13,G,6,1,1.85,190.0,86.2,"1996-08-31",2018,2,Villanova,Villanova/USA,USA
Jevon,Carter,"Carter, Jevon",1628975,1610612756,4,G,6,1,1.85,200.0,90.7,"1995-09-14",2018,2,West Virginia,West Virginia/USA,USA
Wendell,Carter Jr.,"Carter Jr., Wendell",1628976,1610612753,34,C-F,6,10,2.08,270.0,122.5,"1999-04-16",2018,2,Duke,Duke/USA,USA
Hamidou,Diallo,"Diallo, Hamidou",1628977,1610612765,6,G,6,5,1.96,202.0,91.6,"1998-07-31",2018,2,Kentucky,Kentucky/USA,USA
Donte,DiVincenzo,"DiVincenzo, Donte",1628978,1610612749,0,G,6,4,1.93,203.0,92.1,"1997-01-31",2018,2,Villanova,Villanova/USA,USA
Bruno,Fernando,"Fernando, Bruno",1628981,1610612737,24,F-C,6,9,2.06,240.0,108.9,"1998-08-15",2019,1,Maryland,Maryland/Angola,Angola
Shai,Gilgeous-Alexander,"Gilgeous-Alexander, Shai",1628983,1610612760,2,G-F,6,6,1.98,180.0,81.6,"1998-07-12",2018,2,Kentucky,Kentucky/Canada,Canada
Devonte',Graham,"Graham, Devonte'",1628984,1610612766,4,G,6,1,1.85,195.0,88.5,"1995-02-22",2018,2,Kansas,Kansas/USA,USA
Aaron,Holiday,"Holiday, Aaron",1628988,1610612754,3,G,6,0,1.83,185.0,83.9,"1996-09-30",2018,2,UCLA,UCLA/USA,USA
Kevin,Huerter,"Huerter, Kevin",1628989,1610612737,3,G-F,6,7,2.01,190.0,86.2,"1998-08-27",2018,2,Maryland,Maryland/USA,USA
Chandler,Hutchison,"Hutchison, Chandler",1628990,1610612764,15,F-G,6,6,1.98,210.0,95.3,"1996-04-26",2018,2,Boise State,Boise State/USA,USA
Jaren,Jackson Jr.,"Jackson Jr., Jaren",1628991,1610612763,13,F-C,6,11,2.11,242.0,109.8,"1999-09-15",2018,2,Michigan State,Michigan State/USA,USA
Alize,Johnson,"Johnson, Alize",1628993,1610612751,24,F,6,7,2.01,212.0,96.2,"1996-04-22",2018,2,Missouri State,Missouri State/USA,USA
Kevin,Knox II,"Knox II, Kevin",1628995,1610612752,20,F,6,7,2.01,215.0,97.5,"1999-08-11",2018,2,Kentucky,Kentucky/USA,USA
Caleb,Martin,"Martin, Caleb",1628997,1610612766,10,F,6,5,1.96,205.0,93.0,"1995-09-28",2019,1,Nevada-Reno,Nevada-Reno/USA,USA
Cody,Martin,"Martin, Cody",1628998,1610612766,11,F,6,5,1.96,205.0,93.0,"1995-09-28",2019,1,Nevada-Reno,Nevada-Reno/USA,USA
De'Anthony,Melton,"Melton, De'Anthony",1629001,1610612763,0,G,6,2,1.88,200.0,90.7,"1998-05-28",2018,2,Southern California,Southern California/USA,USA
Chimezie,Metu,"Metu, Chimezie",1629002,1610612758,25,F-C,6,9,2.06,225.0,102.1,"1997-03-22",2018,2,Southern California,Southern California/USA,USA
Shake,Milton,"Milton, Shake",1629003,1610612755,18,G-F,6,5,1.96,205.0,93.0,"1996-09-26",2018,2,Southern Methodist,Southern Methodist/USA,USA
Svi,Mykhailiuk,"Mykhailiuk, Svi",1629004,1610612760,14,G-F,6,7,2.01,205.0,93.0,"1997-06-10",2018,2,Kansas,Kansas/Ukraine,Ukraine
Josh,Okogie,"Okogie, Josh",1629006,1610612750,20,G,6,4,1.93,213.0,96.6,"1998-09-01",2018,2,Georgia Tech,Georgia Tech/Nigeria,Nigeria
Jontay,Porter,"Porter, Jontay",1629007,1610612763,4,C-F,6,11,2.11,240.0,108.9,"1999-11-15",2020,0,Missouri,Missouri/USA,USA
Michael,Porter Jr.,"Porter Jr., Michael",1629008,1610612743,1,F,6,10,2.08,218.0,98.9,"1998-06-29",2019,1,Missouri,Missouri/USA,USA
Jerome,Robinson,"Robinson, Jerome",1629010,1610612764,12,G,6,4,1.93,190.0,86.2,"1997-02-22",2018,2,Boston College,Boston College/USA,USA
Mitchell,Robinson,"Robinson, Mitchell",1629011,1610612752,23,C-F,7,0,2.13,240.0,108.9,"1998-04-01",2018,2,Western Kentucky,Western Kentucky/USA,USA
Collin,Sexton,"Sexton, Collin",1629012,1610612739,2,G,6,1,1.85,190.0,86.2,"1999-01-04",2018,2,Alabama,Alabama/USA,USA
Landry,Shamet,"Shamet, Landry",1629013,1610612751,20,G,6,4,1.93,190.0,86.2,"1997-03-13",2018,2,Wichita State,Wichita State/USA,USA
Anfernee,Simons,"Simons, Anfernee",1629014,1610612757,1,G,6,3,1.9,181.0,82.1,"1999-06-08",2018,2,Edgewater HS (FL),Edgewater HS (FL)/USA,USA
Gary,Trent Jr.,"Trent Jr., Gary",1629018,1610612761,33,G-F,6,5,1.96,209.0,94.8,"1999-01-18",2018,2,Duke,Duke/USA,USA
Jarred,Vanderbilt,"Vanderbilt, Jarred",1629020,1610612750,8,F,6,9,2.06,214.0,97.1,"1999-04-03",2018,2,Kentucky,Kentucky/USA,USA
Moritz,Wagner,"Wagner, Moritz",1629021,1610612738,20,F-C,6,11,2.11,245.0,111.1,"1997-04-26",2018,2,Michigan,Michigan/Germany,Germany
Lonnie,Walker IV,"Walker IV, Lonnie",1629022,1610612759,1,G-F,6,4,1.93,204.0,92.5,"1998-12-14",2018,2,Miami,Miami/USA,USA
P.J.,Washington,"Washington, P.J.",1629023,1610612766,25,F,6,7,2.01,230.0,104.3,"1998-08-23",2019,1,Kentucky,Kentucky/USA,USA
Kenrich,Williams,"Williams, Kenrich",1629026,1610612760,34,G-F,6,6,1.98,210.0,95.3,"1994-12-02",2018,2,TCU,TCU/USA,USA
Trae,Young,"Young, Trae",1629027,1610612737,11,G,6,1,1.85,180.0,81.6,"1998-09-19",2018,2,Oklahoma,Oklahoma/USA,USA
Deandre,Ayton,"Ayton, Deandre",1629028,1610612756,22,C,6,11,2.11,250.0,113.4,"1998-07-23",2018,2,Arizona,Arizona/Bahamas,Bahamas
Luka,Doncic,"Doncic, Luka",1629029,1610612742,77,F-G,6,7,2.01,230.0,104.3,"1999-02-28",2018,2,Real Madrid,Real Madrid/Slovenia,Slovenia
Theo,Pinson,"Pinson, Theo",1629033,1610612752,21,G-F,6,5,1.96,212.0,96.2,"1995-11-05",2018,2,North Carolina,North Carolina/USA,USA
Carsen,Edwards,"Edwards, Carsen",1629035,1610612738,4,G,5,11,1.8,200.0,90.7,"1998-03-12",2019,1,Purdue,Purdue/USA,USA
Goga,Bitadze,"Bitadze, Goga",1629048,1610612754,88,C-F,6,11,2.11,250.0,113.4,"1999-07-20",2019,1,Mega Basket,Mega Basket/Georgia,Georgia
Terence,Davis,"Davis, Terence",1629056,1610612758,9,G,6,4,1.93,201.0,91.2,"1997-05-16",2019,1,Mississippi,Mississippi/USA,USA
Robert,Williams III,"Williams III, Robert",1629057,1610612738,44,C-F,6,8,2.03,237.0,107.5,"1997-10-17",2018,2,Texas A&M,Texas A&M/USA,USA
Rui,Hachimura,"Hachimura, Rui",1629060,1610612764,8,F,6,8,2.03,230.0,104.3,"1998-02-08",2019,1,Gonzaga,Gonzaga/Japan,Japan
Rodions,Kurucs,"Kurucs, Rodions",1629066,1610612749,0,F,6,9,2.06,228.0,103.4,"1998-02-05",2018,2,FC Barcelona,FC Barcelona/Latvia,Latvia
Isaac,Bonga,"Bonga, Isaac",1629067,1610612764,17,G,6,8,2.03,180.0,81.6,"1999-11-08",2018,2,Skyliners Frankfurt,Skyliners Frankfurt/Germany,Germany
Tyler,Cook,"Cook, Tyler",1629076,1610612765,25,F,6,8,2.03,255.0,115.7,"1997-09-23",2019,1,Iowa,Iowa/USA,USA
Kelan,Martin,"Martin, Kelan",1629103,1610612754,21,F,6,5,1.96,230.0,104.3,"1995-08-03",2019,1,Butler,Butler/USA,USA
Gary,Clark,"Clark, Gary",1629109,1610612743,12,F,6,6,1.98,225.0,102.1,"1994-11-16",2018,2,Cincinnati,Cincinnati/USA,USA
Wenyen,Gabriel,"Gabriel, Wenyen",1629117,1610612740,32,F,6,9,2.06,205.0,93.0,"1997-03-26",2019,1,Kentucky,Kentucky/South Sudan,South Sudan
Duncan,Robinson,"Robinson, Duncan",1629130,1610612748,55,F,6,7,2.01,215.0,97.5,"1994-04-22",2018,2,Michigan,Michigan/USA,USA
Kendrick,Nunn,"Nunn, Kendrick",1629134,1610612748,25,G,6,2,1.88,190.0,86.2,"1995-08-03",2019,1,Oakland,Oakland/USA,USA
Yuta,Watanabe,"Watanabe, Yuta",1629139,1610612761,18,G-F,6,9,2.06,215.0,97.5,"1994-10-13",2018,2,George Washington,George Washington/Japan,Japan
Jordan,McLaughlin,"McLaughlin, Jordan",1629162,1610612750,6,G,5,11,1.8,185.0,83.9,"1996-04-09",2019,1,Southern California,Southern California/USA,USA
Brandon,Goodwin,"Goodwin, Brandon",1629164,1610612737,0,G,6,0,1.83,180.0,81.6,"1995-10-02",2018,2,Florida Gulf Coast,Florida Gulf Coast/USA,USA
Chris,Chiozza,"Chiozza, Chris",1629185,1610612751,4,G,5,11,1.8,175.0,79.4,"1995-11-21",2018,2,Florida,Florida/USA,USA
Gabe,Vincent,"Vincent, Gabe",1629216,1610612748,2,G,6,3,1.9,200.0,90.7,"1996-06-14",2019,1,California-Santa Barbara,California-Santa Barbara/USA,USA
Drew,Eubanks,"Eubanks, Drew",1629234,1610612759,14,F-C,6,9,2.06,245.0,111.1,"1997-02-01",2018,2,Oregon State,Oregon State/USA,USA
Cameron,Reynolds,"Reynolds, Cameron",1629244,1610612759,23,F,6,7,2.01,225.0,102.1,"1995-02-07",2018,1,Tulane,Tulane/USA,USA
Juan,Toscano-Anderson,"Toscano-Anderson, Juan",1629308,1610612744,95,F,6,6,1.98,209.0,94.8,"1993-04-10",2019,1,Marquette,Marquette/USA,USA
Alen,Smailagic,"Smailagic, Alen",1629346,1610612744,6,F,6,10,2.08,215.0,97.5,"2000-08-18",2019,1,Beko,Beko/Serbia,Serbia
Amir,Coffey,"Coffey, Amir",1629599,1610612746,7,G-F,6,7,2.01,210.0,95.3,"1997-06-17",2019,1,Minnesota,Minnesota/USA,USA
Mamadi,Diakite,"Diakite, Mamadi",1629603,1610612749,25,F,6,9,2.06,228.0,103.4,"1997-01-21",2020,0,Virginia,Virginia/Guinea,Guinea
CJ,Elleby,"Elleby, CJ",1629604,1610612757,16,F-G,6,6,1.98,200.0,90.7,"2000-06-16",2020,0,Washington State,Washington State/USA,USA
Tacko,Fall,"Fall, Tacko",1629605,1610612738,99,C,7,5,2.26,311.0,141.1,"1995-12-10",2019,1,Central Florida,Central Florida/Senegal,Senegal
Jared,Harper,"Harper, Jared",1629607,1610612752,0,G,5,10,1.78,175.0,79.4,"1997-09-14",2019,1,Auburn,Auburn/USA,USA
DaQuan,Jeffries,"Jeffries, DaQuan",1629610,1610612758,19,G-F,6,5,1.96,230.0,104.3,"1997-08-30",2019,1,Tulsa,Tulsa/USA,USA
Terance,Mann,"Mann, Terance",1629611,1610612746,14,G-F,6,5,1.96,215.0,97.5,"1996-10-18",2019,1,Florida State,Florida State/USA,USA
Reggie,Perry,"Perry, Reggie",1629617,1610612751,0,F-C,6,8,2.03,250.0,113.4,"2000-03-21",2020,0,Mississippi State,Mississippi State/USA,USA
Max,Strus,"Strus, Max",1629622,1610612748,31,G-F,6,5,1.96,215.0,97.5,"1996-03-28",2019,1,DePaul,DePaul/USA,USA
Bol,Bol,"Bol, Bol",1629626,1610612743,10,C-F,7,2,2.18,220.0,99.8,"1999-11-16",2019,1,Oregon,Oregon/Sudan,Sudan
Zion,Williamson,"Williamson, Zion",1629627,1610612740,1,F,6,7,2.01,284.0,128.8,"2000-07-06",2019,1,Duke,Duke/USA,USA
RJ,Barrett,"Barrett, RJ",1629628,1610612752,9,F-G,6,6,1.98,214.0,97.1,"2000-06-14",2019,1,Duke,Duke/Canada,Canada
Cam,Reddish,"Reddish, Cam",1629629,1610612737,22,F-G,6,8,2.03,218.0,98.9,"1999-09-01",2019,1,Duke,Duke/USA,USA
Ja,Morant,"Morant, Ja",1629630,1610612763,12,G,6,3,1.9,174.0,78.9,"1999-08-10",2019,1,Murray State,Murray State/USA,USA
De'Andre,Hunter,"Hunter, De'Andre",1629631,1610612737,12,F-G,6,8,2.03,225.0,102.1,"1997-12-02",2019,1,Virginia,Virginia/USA,USA
Coby,White,"White, Coby",1629632,1610612741,0,G,6,5,1.96,195.0,88.5,"2000-02-16",2019,1,North Carolina,North Carolina/USA,USA
Jarrett,Culver,"Culver, Jarrett",1629633,1610612750,23,G-F,6,6,1.98,195.0,88.5,"1999-02-20",2019,1,Texas Tech,Texas Tech/USA,USA
Brandon,Clarke,"Clarke, Brandon",1629634,1610612763,15,F,6,8,2.03,215.0,97.5,"1996-09-19",2019,1,Gonzaga,Gonzaga/Canada,Canada
Sekou,Doumbouya,"Doumbouya, Sekou",1629635,1610612765,45,F,6,8,2.03,230.0,104.3,"2000-12-23",2019,1,Limoges,Limoges/France,France
Darius,Garland,"Garland, Darius",1629636,1610612739,10,G,6,1,1.85,192.0,87.1,"2000-01-26",2019,1,Vanderbilt,Vanderbilt/USA,USA
Jaxson,Hayes,"Hayes, Jaxson",1629637,1610612740,10,C-F,6,11,2.11,220.0,99.8,"2000-05-23",2019,1,Texas,Texas/USA,USA
Nickeil,Alexander-Walker,"Alexander-Walker, Nickeil",1629638,1610612740,6,G,6,6,1.98,205.0,93.0,"1998-09-02",2019,1,Virginia Tech,Virginia Tech/Canada,Canada
Tyler,Herro,"Herro, Tyler",1629639,1610612748,14,G,6,5,1.96,195.0,88.5,"2000-01-20",2019,1,Kentucky,Kentucky/USA,USA
Keldon,Johnson,"Johnson, Keldon",1629640,1610612759,3,F-G,6,5,1.96,220.0,99.8,"1999-10-11",2019,1,Kentucky,Kentucky/USA,USA
Romeo,Langford,"Langford, Romeo",1629641,1610612738,45,G-F,6,4,1.93,216.0,98.0,"1999-10-25",2019,1,Indiana,Indiana/USA,USA
Nassir,Little,"Little, Nassir",1629642,1610612757,9,F-G,6,5,1.96,220.0,99.8,"2000-02-11",2019,1,North Carolina,North Carolina/USA,USA
Chuma,Okeke,"Okeke, Chuma",1629643,1610612753,3,F,6,6,1.98,229.0,103.9,"1998-08-18",2020,0,Auburn,Auburn/USA,USA
KZ,Okpala,"Okpala, KZ",1629644,1610612748,11,F-G,6,8,2.03,215.0,97.5,"1999-04-28",2019,1,Stanford,Stanford/USA,USA
Kevin,Porter Jr.,"Porter Jr., Kevin",1629645,1610612745,3,G-F,6,4,1.93,203.0,92.1,"2000-05-04",2019,1,Southern California,Southern California/USA,USA
Darius,Bazley,"Bazley, Darius",1629647,1610612760,7,F-G,6,8,2.03,208.0,94.3,"2000-06-12",2019,1,Princeton HS (OH),Princeton HS (OH)/USA,USA
Ignas,Brazdeikis,"Brazdeikis, Ignas",1629649,1610612755,17,F,6,6,1.98,221.0,100.2,"1999-01-08",2019,1,Michigan,Michigan/Canada,Canada
Moses,Brown,"Brown, Moses",1629650,1610612760,9,C,7,2,2.18,245.0,111.1,"1999-10-13",2019,1,UCLA,UCLA/USA,USA
Nicolas,Claxton,"Claxton, Nicolas",1629651,1610612751,33,F-C,6,11,2.11,215.0,97.5,"1999-04-17",2019,1,Georgia,Georgia/USA,USA
Luguentz,Dort,"Dort, Luguentz",1629652,1610612760,5,G,6,3,1.9,215.0,97.5,"1999-04-19",2019,1,Arizona State,Arizona State/Canada,Canada
Devon,Dotson,"Dotson, Devon",1629653,1610612741,3,G,6,2,1.88,185.0,83.9,"1999-08-02",2020,0,Kansas,Kansas/USA,USA
Daniel,Gafford,"Gafford, Daniel",1629655,1610612764,12,F-C,6,10,2.08,234.0,106.1,"1998-10-01",2019,1,Arkansas,Arkansas/USA,USA
Kyle,Guy,"Guy, Kyle",1629657,1610612758,7,G,6,1,1.85,167.0,75.8,"1997-08-11",2019,1,Virginia,Virginia/USA,USA
Talen,Horton-Tucker,"Horton-Tucker, Talen",1629659,1610612747,5,G,6,4,1.93,234.0,106.1,"2000-11-25",2019,1,Iowa State,Iowa State/USA,USA
Ty,Jerome,"Jerome, Ty",1629660,1610612760,16,G-F,6,5,1.96,195.0,88.5,"1997-07-08",2019,1,Virginia,Virginia/USA,USA
Cameron,Johnson,"Johnson, Cameron",1629661,1610612756,23,F,6,8,2.03,210.0,95.3,"1996-03-03",2019,1,North Carolina,North Carolina/USA,USA
Jalen,McDaniels,"McDaniels, Jalen",1629667,1610612766,6,F-C,6,9,2.06,205.0,93.0,"1998-01-31",2019,1,San Diego State,San Diego State/USA,USA
Jaylen,Nowell,"Nowell, Jaylen",1629669,1610612750,4,G,6,4,1.93,201.0,91.2,"1999-07-09",2019,1,Washington,Washington/USA,USA
Jordan,Nwora,"Nwora, Jordan",1629670,1610612749,13,F,6,8,2.03,225.0,102.1,"1998-09-09",2020,0,Louisville,Louisville/USA,USA
Miye,Oni,"Oni, Miye",1629671,1610612762,81,G-F,6,5,1.96,206.0,93.4,"1997-08-04",2019,1,Yale,Yale/USA,USA
Eric,Paschall,"Paschall, Eric",1629672,1610612744,7,F,6,6,1.98,255.0,115.7,"1996-11-04",2019,1,Villanova,Villanova/USA,USA
Jordan,Poole,"Poole, Jordan",1629673,1610612744,3,G,6,4,1.93,194.0,88.0,"1999-06-19",2019,1,Michigan,Michigan/USA,USA
Naz,Reid,"Reid, Naz",1629675,1610612750,11,C-F,6,9,2.06,264.0,119.8,"1999-08-26",2019,1,Louisiana State,Louisiana State/USA,USA
Isaiah,Roby,"Roby, Isaiah",1629676,1610612760,22,F,6,8,2.03,230.0,104.3,"1998-02-03",2019,1,Nebraska-Lincoln,Nebraska-Lincoln/USA,USA
Luka,Samanic,"Samanic, Luka",1629677,1610612759,19,F,6,10,2.08,227.0,103.0,"2000-01-09",2019,1,Union Olimpija,Union Olimpija/Croatia,Croatia
Matisse,Thybulle,"Thybulle, Matisse",1629680,1610612755,22,G-F,6,5,1.96,201.0,91.2,"1997-03-04",2019,1,Washington,Washington/USA,USA
Killian,Tillie,"Tillie, Killian",1629681,1610612763,35,F-C,6,9,2.06,220.0,99.8,"1998-03-05",2020,0,Gonzaga,Gonzaga/France,France
Tremont,Waters,"Waters, Tremont",1629682,1610612738,51,G,5,10,1.78,175.0,79.4,"1998-01-10",2019,1,Louisiana State,Louisiana State/USA,USA
Quinndary,Weatherspoon,"Weatherspoon, Quinndary",1629683,1610612759,15,G,6,3,1.9,205.0,93.0,"1996-09-10",2019,1,Mississippi State,Mississippi State/USA,USA
Grant,Williams,"Williams, Grant",1629684,1610612738,12,F,6,6,1.98,236.0,107.0,"1998-11-30",2019,1,Tennessee,Tennessee/USA,USA
Dylan,Windler,"Windler, Dylan",1629685,1610612739,9,G-F,6,6,1.98,196.0,88.9,"1996-09-22",2020,0,Belmont,Belmont/USA,USA
Deividas,Sirvydis,"Sirvydis, Deividas",1629686,1610612765,91,F-G,6,8,2.03,190.0,86.2,"2000-06-10",2020,0,"",Lithuania/Lithuania,Lithuania
Adam,Mokoka,"Mokoka, Adam",1629690,1610612741,20,G,6,4,1.93,190.0,86.2,"1998-07-18",2019,1,Mega Basket,Mega Basket/France,France
Justin,James,"James, Justin",1629713,1610612758,10,G-F,6,7,2.01,190.0,86.2,"1997-01-24",2019,1,Wyoming,Wyoming/USA,USA
Jarrell,Brantley,"Brantley, Jarrell",1629714,1610612762,5,F,6,5,1.96,250.0,113.4,"1996-06-07",2019,1,College of Charleston,College of Charleston/USA,USA
Devontae,Cacok,"Cacok, Devontae",1629719,1610612747,12,F,6,7,2.01,240.0,108.9,"1996-10-08",2019,1,North Carolina-Wilmington,North Carolina-Wilmington/USA,USA
John,Konchar,"Konchar, John",1629723,1610612763,46,G,6,5,1.96,210.0,95.3,"1996-03-22",2019,1,Indiana-Purdue Fort Wayne,Indiana-Purdue Fort Wayne/USA,USA
Garrison,Mathews,"Mathews, Garrison",1629726,1610612764,24,G,6,5,1.96,215.0,97.5,"1996-10-24",2019,1,Lipscomb,Lipscomb/USA,USA
Rayjon,Tucker,"Tucker, Rayjon",1629730,1610612755,9,G,6,3,1.9,209.0,94.8,"1997-09-24",2019,1,Arkansas-Little Rock,Arkansas-Little Rock/USA,USA
Dean,Wade,"Wade, Dean",1629731,1610612739,32,F-C,6,9,2.06,228.0,103.4,"1996-11-20",2019,1,Kansas State,Kansas State/USA,USA
Chris,Silva,"Silva, Chris",1629735,1610612758,30,F,6,8,2.03,234.0,106.1,"1996-09-19",2019,1,South Carolina,South Carolina/Gabon,Gabon
Nicolo,Melli,"Melli, Nicolo",1629740,1610612742,20,F,6,9,2.06,236.0,107.0,"1991-01-26",2019,1,Fenerbahce,Fenerbahce/Italy,Italy
Matt,Thomas,"Thomas, Matt",1629744,1610612762,21,G,6,4,1.93,190.0,86.2,"1994-08-04",2019,1,Iowa State,Iowa State/USA,USA
Javonte,Green,"Green, Javonte",1629750,1610612741,11,G-F,6,4,1.93,205.0,93.0,"1993-07-23",2019,1,Radford,Radford /USA,USA
Juwan,Morgan,"Morgan, Juwan",1629752,1610612762,16,F,6,7,2.01,232.0,105.2,"1997-04-17",2019,1,Indiana,Indiana/USA,USA
Keljin,Blevins,"Blevins, Keljin",1629833,1610612757,21,G,6,4,1.93,200.0,90.7,"1995-11-24",2020,0,Montana State,Montana State/USA,USA
Anthony,Edwards,"Edwards, Anthony",1630162,1610612750,1,G,6,4,1.93,225.0,102.1,"2001-08-05",2020,0,Georgia,Georgia/USA,USA
LaMelo,Ball,"Ball, LaMelo",1630163,1610612766,2,G,6,6,1.98,180.0,81.6,"2001-08-22",2020,0,Illawarra,Illawarra/USA,USA
James,Wiseman,"Wiseman, James",1630164,1610612744,33,C,7,0,2.13,240.0,108.9,"2001-03-31",2020,0,Memphis,Memphis/USA,USA
Killian,Hayes,"Hayes, Killian",1630165,1610612765,7,G,6,5,1.96,195.0,88.5,"2001-07-27",2020,0,Ratiopharm Ulm,Ratiopharm Ulm/France,France
Deni,Avdija,"Avdija, Deni",1630166,1610612764,9,F,6,9,2.06,210.0,95.3,"2001-01-03",2020,0,Maccabi Tel Aviv,Maccabi Tel Aviv/Israel,Israel
Obi,Toppin,"Toppin, Obi",1630167,1610612752,1,F,6,9,2.06,220.0,99.8,"1998-03-04",2020,0,Dayton,Dayton/USA,USA
Onyeka,Okongwu,"Okongwu, Onyeka",1630168,1610612737,17,F-C,6,8,2.03,235.0,106.6,"2000-12-11",2020,0,Southern California,Southern California/USA,USA
Tyrese,Haliburton,"Haliburton, Tyrese",1630169,1610612758,0,G,6,5,1.96,185.0,83.9,"2000-02-29",2020,0,Iowa State,Iowa State/USA,USA
Devin,Vassell,"Vassell, Devin",1630170,1610612759,24,G-F,6,5,1.96,200.0,90.7,"2000-08-23",2020,0,Florida State,Florida State/USA,USA
Isaac,Okoro,"Okoro, Isaac",1630171,1610612739,35,F-G,6,5,1.96,225.0,102.1,"2001-01-26",2020,0,Auburn,Auburn/USA,USA
Patrick,Williams,"Williams, Patrick",1630172,1610612741,44,F,6,7,2.01,215.0,97.5,"2001-08-26",2020,0,Florida State,Florida State/USA,USA
Precious,Achiuwa,"Achiuwa, Precious",1630173,1610612748,5,F,6,8,2.03,225.0,102.1,"1999-09-19",2020,0,Memphis,Memphis/Nigeria,Nigeria
Aaron,Nesmith,"Nesmith, Aaron",1630174,1610612738,26,G-F,6,5,1.96,215.0,97.5,"1999-10-16",2020,0,Vanderbilt,Vanderbilt/USA,USA
Cole,Anthony,"Anthony, Cole",1630175,1610612753,50,G,6,2,1.88,185.0,83.9,"2000-05-15",2020,0,North Carolina,North Carolina/USA,USA
Vernon,Carey Jr.,"Carey Jr., Vernon",1630176,1610612766,22,F-C,6,9,2.06,270.0,122.5,"2001-02-25",2020,0,Duke,Duke/USA,USA
Theo,Maledon,"Maledon, Theo",1630177,1610612760,11,G,6,4,1.93,175.0,79.4,"2001-06-12",2020,0,Asvel,Asvel/France,France
Tyrese,Maxey,"Maxey, Tyrese",1630178,1610612755,0,G,6,2,1.88,200.0,90.7,"2000-11-04",2020,0,Kentucky,Kentucky/USA,USA
Tyrell,Terry,"Terry, Tyrell",1630179,1610612742,1,G,6,2,1.88,160.0,72.6,"2000-09-28",2020,0,Stanford,Stanford/USA,USA
Saddiq,Bey,"Bey, Saddiq",1630180,1610612765,41,F,6,7,2.01,215.0,97.5,"1999-04-09",2020,0,Villanova,Villanova/USA,USA
R.J.,Hampton,"Hampton, R.J.",1630181,1610612753,13,G,6,4,1.93,175.0,79.4,"2001-02-07",2020,0,New Zealand Breakers,New Zealand Breakers/USA,USA
Josh,Green,"Green, Josh",1630182,1610612742,8,G,6,5,1.96,200.0,90.7,"2000-11-16",2020,0,Arizona,Arizona/Australia,Australia
Jaden,McDaniels,"McDaniels, Jaden",1630183,1610612750,3,F,6,9,2.06,185.0,83.9,"2000-09-29",2020,0,Washington,Washington/USA,USA
Kira,Lewis Jr.,"Lewis Jr., Kira",1630184,1610612740,13,G,6,1,1.85,170.0,77.1,"2001-04-06",2020,0,Alabama,Alabama/USA,USA
Nico,Mannion,"Mannion, Nico",1630185,1610612744,2,G,6,2,1.88,190.0,86.2,"2001-03-14",2020,0,Arizona,Arizona/Italy,Italy
Jahmi'us,Ramsey,"Ramsey, Jahmi'us",1630186,1610612758,3,G,6,3,1.9,190.0,86.2,"2001-06-09",2020,0,Texas Tech,Texas Tech/USA,USA
Daniel,Oturu,"Oturu, Daniel",1630187,1610612746,10,C,6,8,2.03,240.0,108.9,"1999-09-20",2020,0,Minnesota,Minnesota/USA,USA
Jalen,Smith,"Smith, Jalen",1630188,1610612756,10,F-C,6,10,2.08,215.0,97.5,"2000-03-16",2020,0,Maryland,Maryland/USA,USA
Tyler,Bey,"Bey, Tyler",1630189,1610612742,2,F,6,7,2.01,215.0,97.5,"1998-02-10",2020,0,Colorado,Colorado/USA,USA
Elijah,Hughes,"Hughes, Elijah",1630190,1610612762,33,G,6,5,1.96,215.0,97.5,"1998-03-10",2020,0,Syracuse,Syracuse/USA,USA
Isaiah,Stewart,"Stewart, Isaiah",1630191,1610612765,28,F-C,6,8,2.03,250.0,113.4,"2001-05-22",2020,0,Washington,Washington/USA,USA
Zeke,Nnaji,"Nnaji, Zeke",1630192,1610612743,22,F-C,6,9,2.06,240.0,108.9,"2001-01-09",2020,0,Arizona,Arizona/USA,USA
Immanuel,Quickley,"Quickley, Immanuel",1630193,1610612752,5,G,6,3,1.9,190.0,86.2,"1999-06-17",2020,0,Kentucky,Kentucky/USA,USA
Paul,Reed,"Reed, Paul",1630194,1610612755,44,F,6,9,2.06,210.0,95.3,"1999-06-14",2020,0,DePaul,DePaul/USA,USA
Aleksej,Pokusevski,"Pokusevski, Aleksej",1630197,1610612760,17,C,7,0,2.13,190.0,86.2,"2001-12-26",2020,0,Olympiacos,Olympiacos/Serbia,Serbia
Isaiah,Joe,"Joe, Isaiah",1630198,1610612755,7,G,6,4,1.93,165.0,74.8,"1999-07-02",2020,0,Arkansas,Arkansas/USA,USA
Cassius,Stanley,"Stanley, Cassius",1630199,1610612754,2,G,6,5,1.96,190.0,86.2,"1999-08-18",2020,0,Duke,Duke/USA,USA
Tre,Jones,"Jones, Tre",1630200,1610612759,33,G,6,1,1.85,185.0,83.9,"2000-01-08",2020,0,Duke,Duke/USA,USA
Malachi,Flynn,"Flynn, Malachi",1630201,1610612761,8,G,6,1,1.85,175.0,79.4,"1998-05-10",2020,0,San Diego State,San Diego State/USA,USA
Payton,Pritchard,"Pritchard, Payton",1630202,1610612738,11,G,6,1,1.85,195.0,88.5,"1998-01-28",2020,0,Oregon,Oregon/USA,USA
Grant,Riller,"Riller, Grant",1630203,1610612766,7,G,6,2,1.88,190.0,86.2,"1997-02-08","",0,College of Charleston,College of Charleston/USA,USA
Lamar,Stevens,"Stevens, Lamar",1630205,1610612739,8,F,6,6,1.98,230.0,104.3,"1997-07-09",2020,0,Penn State,Penn State/USA,USA
Jay,Scrubb,"Scrubb, Jay",1630206,1610612746,4,G,6,5,1.96,220.0,99.8,"2000-09-01","",0,"",USA/USA,USA
Nate,Hinton,"Hinton, Nate",1630207,1610612742,14,G-F,6,5,1.96,210.0,95.3,"1999-06-08",2020,0,Houston,Houston/USA,USA
Nick,Richards,"Richards, Nick",1630208,1610612766,14,C,7,0,2.13,245.0,111.1,"1997-11-29",2020,0,Kentucky,Kentucky/Jamaica,Jamaica
Markus,Howard,"Howard, Markus",1630210,1610612743,0,G,5,10,1.78,175.0,79.4,"1999-03-03",2020,0,Marquette,Marquette/USA,USA
Karim,Mane,"Mane, Karim",1630211,1610612753,4,G,6,3,1.9,190.0,86.2,"2000-05-16",2020,0,Vanier,Vanier/Senegal,Senegal
Xavier,Tillman,"Tillman, Xavier",1630214,1610612763,2,F,6,8,2.03,245.0,111.1,"1999-01-12",2020,0,Michigan State,Michigan State/USA,USA
Cassius,Winston,"Winston, Cassius",1630216,1610612764,5,G,6,1,1.85,185.0,83.9,"1998-02-28",2020,0,Michigan State,Michigan State/USA,USA
Desmond,Bane,"Bane, Desmond",1630217,1610612763,22,G,6,5,1.96,215.0,97.5,"1998-06-25",2020,0,TCU,TCU/USA,USA
Robert,Woodard II,"Woodard II, Robert",1630218,1610612758,13,F,6,6,1.98,235.0,106.6,"1999-09-22",2020,0,Mississippi State,Mississippi State/USA,USA
Skylar,Mays,"Mays, Skylar",1630219,1610612737,4,G,6,4,1.93,205.0,93.0,"1997-09-05",2020,0,Louisiana State,Louisiana State/USA,USA
Josh,Hall,"Hall, Josh",1630221,1610612760,15,F,6,9,2.06,190.0,86.2,"2000-10-08",2020,0,Moravian Prep (NC),Moravian Prep (NC)/USA,USA
Mason,Jones,"Jones, Mason",1630222,1610612755,9,G,6,4,1.93,200.0,90.7,"1998-07-21",2020,0,Arkansas,Arkansas/USA,USA
Jalen,Harris,"Harris, Jalen",1630223,1610612761,2,G,6,5,1.96,195.0,88.5,"1998-08-14",2020,0,Nevada,Nevada/USA,USA
Naji,Marshall,"Marshall, Naji",1630230,1610612740,8,F,6,7,2.01,220.0,99.8,"1998-01-24",2020,0,Xavier,Xavier/USA,USA
Kenyon,Martin Jr.,"Martin Jr., Kenyon",1630231,1610612745,6,F,6,6,1.98,215.0,97.5,"2001-01-06",2020,0,"",USA/USA,USA
Nathan,Knight,"Knight, Nathan",1630233,1610612737,1,F-C,6,10,2.08,253.0,114.8,"1997-09-20",2020,0,William & Mary,William & Mary/USA,USA
Ty-Shon,Alexander,"Alexander, Ty-Shon",1630234,1610612756,0,G,6,3,1.9,195.0,88.5,"1998-07-16",2020,0,Creighton,Creighton/USA,USA
Trent,Forrest,"Forrest, Trent",1630235,1610612762,3,G,6,4,1.93,210.0,95.3,"1998-06-12",2020,0,Florida State,Florida State/USA,USA
Anthony,Lamb,"Lamb, Anthony",1630237,1610612745,33,F,6,6,1.98,227.0,103.0,"1998-01-20",2020,0,Vermont,Vermont/USA,USA
Saben,Lee,"Lee, Saben",1630240,1610612765,38,G,6,2,1.88,183.0,83.0,"1999-06-23",2020,0,Vanderbilt,Vanderbilt/USA,USA
Sam,Merrill,"Merrill, Sam",1630241,1610612749,15,G,6,4,1.93,205.0,93.0,"1996-05-15",2020,0,Utah State,Utah State/USA,USA
Sean,McDermott,"McDermott, Sean",1630253,1610612763,30,F,6,6,1.98,195.0,88.5,"1996-11-03",2020,0,Butler,Butler/USA,USA
Jae'Sean,Tate,"Tate, Jae'Sean",1630256,1610612745,8,F,6,4,1.93,230.0,104.3,"1995-10-28",2020,0,Ohio State,Ohio State/USA,USA
Anthony,Gill,"Gill, Anthony",1630264,1610612764,16,F,6,7,2.01,230.0,104.3,"1992-10-17",2020,0,Virginia,Virginia/USA,USA
Will,Magnay,"Magnay, Will",1630266,1610612740,25,C,6,10,2.08,234.0,106.1,"1998-06-10",2020,0,"",Australia/Australia,Australia
Facundo,Campazzo,"Campazzo, Facundo",1630267,1610612743,7,G,5,10,1.78,195.0,88.5,"1991-03-23",2020,0,Murcia,Murcia/Argentina,Argentina
Nate,Darling,"Darling, Nate",1630268,1610612766,30,G,6,6,1.98,200.0,90.7,"1998-08-30",2020,0,Delaware,Delaware/Canada,Canada
Brodric,Thomas,"Thomas, Brodric",1630271,1610612739,33,G,6,5,1.96,185.0,83.9,"1997-01-28",2020,0,Truman State,Truman State /USA,USA
